{
    "id": "e8240c61-93ed-4a9e-9a46-6fc5cdc53744",
    "created_at": "2024-11-18T08:51:17Z",
    "update_at": "2024-11-18T08:52:49Z",
    "global_timeout": 150,
    "tunnel_name": "",
    "start_time": "2024-11-18T08:51:32Z",
    "end_time": "2024-11-18T08:52:49Z",
    "summary": {
        "total_time": 77000000000,
        "execution_time": 77000000000,
        "total_tasks": 1,
        "build_time_consumed": 77000000000,
        "jobTestExecutionTime": "13s",
        "failed_tasks": 1,
        "total_stage_info": {
            "prerun": {
                "StageFailedPercent": 0,
                "StagePassPercent": 100,
                "TotalStage": 1
            },
            "scenario": {
                "StageFailedPercent": 100,
                "StagePassPercent": 0,
                "TotalStage": 1
            }
        },
        "status": "failed",
        "job_link": "https://hyperexecute.lambdatest.com/hyperexecute/task?jobId=e8240c61-93ed-4a9e-9a46-6fc5cdc53744"
    },
    "tasks": [
        {
            "id": "e7daa8ea-afa8-4ed7-81cb-01abc064217d",
            "os": "win",
            "status": "failed",
            "remark": "error in running test suites - step 1 - exit status 1",
            "debug": false,
            "created_at": "2024-11-18T08:51:31Z",
            "update_at": "2024-11-18T08:52:49Z",
            "start_time": "2024-11-18T08:51:32Z",
            "end_time": "2024-11-18T08:52:49Z",
            "group_number": 1,
            "stages": [
                {
                    "id": "036adfc8-2e18-4a80-91cf-e1b28af7a8ef",
                    "type": "prerun",
                    "status": "completed",
                    "name": "pre",
                    "iteration": 0,
                    "link": "pre.log",
                    "created_at": "2024-11-18T08:51:39Z",
                    "started_at": "2024-11-18T08:51:40Z",
                    "updated_at": "2024-11-18T08:51:58Z",
                    "order": 3,
                    "task_number": 1
                },
                {
                    "id": "b804a2ab-44a4-42c4-9dae-1bd24d8710b2",
                    "type": "scenario",
                    "status": "failed",
                    "name": "mvn clean test `-Dtestngxml=/test-execution/testng",
                    "iteration": 0,
                    "link": "command.1.0.log",
                    "created_at": "2024-11-18T08:51:59Z",
                    "started_at": "2024-11-18T08:52:01Z",
                    "updated_at": "2024-11-18T08:52:49Z",
                    "order": 4,
                    "task_number": 1
                }
            ]
        }
    ],
    "test_ids": null
}